{"ok":true,"card_id":"550e8400-e29b-41d4-a716-446655440000","t_sec":960,"ran":["trend5_trend","h15","h30","h45","h60"],"missing":{},"notes":[],"result":{"h15":{"pred":1,"proba":0.011491671627682765,"thr":0.000036194938259189004},"h30":{"pred":1,"proba":0.032751383958390744,"thr":0.0004490541518546731},"h45":{"pred":1,"proba":0.0856492378484748,"thr":0.0002933046029271888},"h60":{"pred":1,"proba":0.13731611394178808,"thr":0.001052385237199157},"trend5_trend":{"class":"down","proba":{"down":0.5571035571067863,"flat":0.2186890748566962,"up":0.22420736803651756}}},"ui":{"h15":{"pred":1,"risk_pct":1.15,"thr":0.000036194938259189004},"h30":{"pred":1,"risk_pct":3.28,"thr":0.0004490541518546731},"h45":{"pred":1,"risk_pct":8.56,"thr":0.0002933046029271888},"h60":{"pred":1,"risk_pct":13.73,"thr":0.001052385237199157},"summary":{"ok_60m":86.27,"risk_60m":13.73,"text":"In the next 60 minutes the risk of encountering difficulties is 13.7%. The probability of everything being fine: 86.3%."},"trend_probs":{"down":55.7,"flat":21.9,"up":22.4},"trend_text":"Trend (5 min): down (Sure 56%)"}}